,Months,Date,Abap,Ada,C/C++,C#,Cobol,Dart,Delphi/Pascal,Go,Groovy,Haskell,Java,JavaScript,Julia,Kotlin,Lua,Matlab,Objective-C,Perl,PHP,Python,R,Ruby,Rust,Scala,Swift,TypeScript,VBA,Visual Basic
0,0,July 2004,0.300,0.400,10.100,4.700,0.400,0.000,2.800,0.000,0.000,0.200,30.400,8.600,0.000,0.000,0.200,2.100,0.200,7.400,18.800,2.500,0.400,0.300,0.100,0.000,0.000,0.000,1.400,8.600
1,1,August 2004,0.400,0.400,9.800,5.000,0.500,0.000,2.700,0.000,0.100,0.200,30.000,8.800,0.000,0.000,0.100,2.100,0.200,7.100,19.300,2.600,0.400,0.400,0.100,0.000,0.000,0.000,1.500,8.600
2,2,September 2004,0.400,0.400,9.600,5.100,0.500,0.000,2.600,0.000,0.100,0.200,29.700,8.700,0.000,0.000,0.200,2.100,0.200,7.000,19.500,2.700,0.400,0.400,0.100,0.000,0.000,0.000,1.600,8.400
3,3,October 2004,0.400,0.400,9.500,5.300,0.500,0.000,2.800,0.000,0.100,0.200,29.100,8.500,0.000,0.000,0.200,2.200,0.200,7.200,19.300,2.900,0.400,0.500,0.100,0.000,0.000,0.000,1.600,8.500
4,4,November 2004,0.400,0.400,9.500,5.200,0.500,0.000,2.800,0.000,0.100,0.200,29.600,8.500,0.000,0.000,0.200,2.200,0.200,7.100,19.400,2.800,0.400,0.400,0.100,0.000,0.000,0.000,1.500,8.200
5,5,December 2004,0.400,0.400,9.600,5.200,0.500,0.000,2.800,0.000,0.100,0.200,29.800,8.600,0.000,0.000,0.200,2.100,0.200,7.000,19.700,2.700,0.400,0.400,0.100,0.000,0.000,0.000,1.500,8.100
6,6,January 2005,0.400,0.400,9.700,5.200,0.600,0.000,2.600,0.000,0.100,0.200,29.700,8.400,0.000,0.000,0.200,2.200,0.200,7.000,19.800,2.900,0.400,0.500,0.100,0.000,0.000,0.000,1.500,7.800
7,7,February 2005,0.400,0.400,9.900,5.200,0.500,0.000,2.700,0.000,0.100,0.200,30.300,8.100,0.000,0.000,0.200,2.300,0.200,6.900,19.600,2.900,0.400,0.400,0.100,0.000,0.000,0.000,1.500,7.700
8,8,March 2005,0.300,0.400,9.900,5.400,0.400,0.000,2.600,0.000,0.100,0.200,30.200,8.300,0.000,0.000,0.200,2.400,0.100,6.900,19.500,2.800,0.400,0.500,0.100,0.000,0.000,0.000,1.400,7.700
9,9,April 2005,0.300,0.400,9.800,5.400,0.400,0.000,2.600,0.000,0.100,0.200,30.600,8.400,0.000,0.000,0.200,2.200,0.100,6.700,19.900,2.800,0.400,0.400,0.100,0.000,0.000,0.000,1.400,7.500
10,10,May 2005,0.300,0.400,9.700,5.600,0.400,0.000,2.500,0.000,0.100,0.200,30.200,8.200,0.000,0.000,0.200,2.200,0.100,6.800,19.900,2.900,0.400,0.500,0.100,0.000,0.000,0.000,1.500,7.700
11,11,June 2005,0.300,0.400,9.500,5.800,0.400,0.000,2.400,0.000,0.100,0.200,30.400,8.300,0.000,0.000,0.200,2.300,0.100,6.600,19.800,3.000,0.400,0.500,0.100,0.000,0.000,0.000,1.600,7.600
12,12,July 2005,0.300,0.300,9.300,6.200,0.400,0.000,2.500,0.000,0.100,0.200,30.400,8.400,0.000,0.000,0.200,2.300,0.100,6.500,19.500,3.000,0.400,0.600,0.100,0.000,0.000,0.000,1.600,7.500
13,13,August 2005,0.300,0.300,9.200,6.200,0.400,0.000,2.400,0.000,0.100,0.200,30.300,8.600,0.000,0.000,0.200,2.100,0.100,6.500,19.700,3.100,0.400,0.700,0.100,0.000,0.000,0.000,1.600,7.400
14,14,September 2005,0.400,0.300,9.100,6.200,0.400,0.000,2.300,0.000,0.100,0.200,30.200,8.400,0.000,0.000,0.300,2.100,0.100,6.600,19.900,3.300,0.400,0.800,0.200,0.000,0.000,0.000,1.600,7.300
15,15,October 2005,0.400,0.300,8.700,6.200,0.400,0.000,2.400,0.000,0.100,0.200,30.200,8.200,0.000,0.000,0.300,2.200,0.100,6.600,19.700,3.500,0.500,0.900,0.200,0.000,0.000,0.000,1.700,7.200
16,16,November 2005,0.400,0.300,8.500,6.300,0.400,0.000,2.500,0.000,0.100,0.200,30.200,8.200,0.000,0.000,0.300,2.300,0.100,6.600,19.600,3.600,0.500,1.100,0.200,0.000,0.000,0.000,1.600,6.900
17,17,December 2005,0.400,0.300,8.400,6.500,0.500,0.000,2.500,0.000,0.100,0.300,29.900,8.100,0.000,0.000,0.300,2.400,0.100,6.600,19.400,3.900,0.500,1.200,0.200,0.000,0.000,0.000,1.700,6.900
18,18,January 2006,0.400,0.300,8.500,6.300,0.400,0.000,2.400,0.000,0.100,0.300,29.800,8.100,0.000,0.000,0.300,2.300,0.100,6.300,19.700,4.000,0.500,1.400,0.100,0.000,0.000,0.000,1.600,6.900
19,19,February 2006,0.400,0.300,8.400,6.400,0.500,0.000,2.500,0.000,0.100,0.300,29.800,8.000,0.000,0.000,0.400,2.400,0.100,6.100,19.600,4.000,0.600,1.600,0.100,0.000,0.000,0.000,1.700,6.800
20,20,March 2006,0.400,0.300,8.400,6.500,0.500,0.000,2.400,0.000,0.100,0.300,30.100,8.000,0.000,0.000,0.300,2.500,0.100,5.900,19.600,3.900,0.500,1.700,0.100,0.000,0.000,0.000,1.600,6.700
21,21,April 2006,0.400,0.200,8.500,6.700,0.400,0.000,2.200,0.000,0.100,0.300,30.200,8.100,0.000,0.000,0.300,2.500,0.100,5.800,20.000,3.800,0.500,1.800,0.100,0.000,0.000,0.000,1.500,6.500
22,22,May 2006,0.300,0.200,8.500,6.600,0.400,0.000,2.100,0.000,0.100,0.300,30.200,8.300,0.000,0.000,0.300,2.300,0.100,5.500,20.400,3.700,0.500,1.900,0.100,0.000,0.000,0.000,1.500,6.500
23,23,June 2006,0.300,0.200,8.700,6.500,0.400,0.000,1.900,0.000,0.100,0.300,30.400,8.400,0.000,0.000,0.400,2.200,0.100,5.400,20.600,3.700,0.500,1.900,0.100,0.000,0.000,0.000,1.500,6.300
24,24,July 2006,0.300,0.200,8.500,6.700,0.500,0.000,1.900,0.000,0.100,0.300,30.400,8.400,0.000,0.000,0.400,2.300,0.100,5.400,20.500,3.600,0.600,1.900,0.100,0.000,0.000,0.000,1.500,6.200
25,25,August 2006,0.300,0.200,8.500,6.800,0.400,0.000,1.900,0.000,0.100,0.300,30.300,8.400,0.000,0.000,0.400,2.300,0.100,5.500,20.600,3.600,0.500,2.100,0.100,0.000,0.000,0.000,1.500,6.200
26,26,September 2006,0.300,0.200,8.300,6.900,0.400,0.000,1.900,0.000,0.100,0.300,30.100,8.400,0.000,0.000,0.400,2.100,0.100,5.500,20.500,3.800,0.500,2.200,0.100,0.000,0.000,0.000,1.600,6.100
27,27,October 2006,0.300,0.200,8.200,7.000,0.400,0.000,2.000,0.000,0.100,0.300,29.900,8.400,0.000,0.000,0.400,2.200,0.100,5.500,20.200,3.900,0.500,2.300,0.100,0.000,0.000,0.000,1.700,6.000
28,28,November 2006,0.400,0.200,8.200,7.000,0.400,0.000,2.000,0.000,0.100,0.300,30.000,8.500,0.000,0.000,0.400,2.300,0.100,5.400,20.100,4.000,0.500,2.300,0.100,0.000,0.000,0.000,1.800,5.900
29,29,December 2006,0.400,0.300,8.200,7.100,0.400,0.000,2.000,0.000,0.100,0.300,30.100,8.400,0.000,0.000,0.500,2.300,0.100,5.400,20.000,4.000,0.600,2.400,0.100,0.000,0.000,0.000,1.700,5.900
30,30,January 2007,0.400,0.300,8.100,7.200,0.400,0.000,1.900,0.000,0.100,0.300,30.100,8.400,0.000,0.000,0.400,2.300,0.100,5.400,19.900,4.200,0.600,2.500,0.100,0.000,0.000,0.000,1.700,5.700
31,31,February 2007,0.400,0.300,8.300,7.000,0.400,0.000,1.900,0.000,0.100,0.400,30.300,8.400,0.000,0.000,0.400,2.400,0.100,5.200,19.600,4.300,0.600,2.500,0.100,0.000,0.000,0.000,1.600,5.600
32,32,March 2007,0.400,0.300,8.300,6.900,0.400,0.000,1.800,0.000,0.100,0.400,30.600,8.400,0.000,0.000,0.400,2.400,0.100,4.900,19.900,4.300,0.600,2.500,0.100,0.000,0.000,0.000,1.600,5.700
33,33,April 2007,0.400,0.200,8.100,6.800,0.400,0.000,1.800,0.000,0.100,0.300,30.500,8.400,0.000,0.000,0.300,2.500,0.100,4.800,20.100,4.400,0.600,2.600,0.100,0.000,0.000,0.000,1.600,5.700
34,34,May 2007,0.400,0.200,8.100,6.800,0.400,0.000,1.800,0.000,0.100,0.300,30.500,8.300,0.000,0.000,0.400,2.500,0.100,4.800,20.300,4.400,0.600,2.600,0.100,0.100,0.000,0.000,1.600,5.600
35,35,June 2007,0.300,0.200,7.900,6.800,0.300,0.000,1.800,0.000,0.200,0.300,30.600,8.400,0.000,0.000,0.300,2.400,0.100,4.800,20.400,4.500,0.600,2.800,0.100,0.100,0.000,0.000,1.600,5.600
36,36,July 2007,0.300,0.200,8.000,6.700,0.300,0.000,1.800,0.000,0.200,0.300,30.600,8.500,0.000,0.000,0.300,2.400,0.100,4.700,20.300,4.300,0.600,2.800,0.100,0.100,0.000,0.000,1.700,5.600
37,37,August 2007,0.400,0.200,8.000,6.800,0.300,0.000,1.700,0.000,0.200,0.300,30.800,8.600,0.000,0.000,0.400,2.200,0.100,4.600,20.800,4.200,0.600,2.800,0.100,0.100,0.000,0.000,1.700,5.300
38,38,September 2007,0.400,0.200,8.000,6.900,0.300,0.000,1.700,0.000,0.200,0.300,30.700,8.600,0.000,0.000,0.300,2.200,0.100,4.800,20.800,4.200,0.600,2.800,0.100,0.100,0.000,0.000,1.600,5.100
39,39,October 2007,0.400,0.200,8.100,7.000,0.300,0.000,1.700,0.000,0.200,0.300,30.800,8.600,0.000,0.000,0.400,2.200,0.100,4.800,20.500,4.300,0.700,2.800,0.100,0.100,0.000,0.000,1.700,5.100
40,40,November 2007,0.400,0.200,8.100,7.000,0.400,0.000,1.800,0.000,0.200,0.300,30.700,8.500,0.000,0.000,0.400,2.200,0.100,4.800,19.900,4.500,0.700,2.900,0.100,0.100,0.000,0.000,1.700,5.300
41,41,December 2007,0.400,0.200,8.100,7.000,0.400,0.000,1.700,0.000,0.200,0.300,30.500,8.400,0.000,0.000,0.400,2.300,0.100,4.800,19.600,4.700,0.800,2.800,0.100,0.100,0.000,0.000,1.700,5.300
42,42,January 2008,0.400,0.200,8.100,7.000,0.400,0.000,1.600,0.000,0.200,0.300,30.700,8.200,0.000,0.000,0.400,2.400,0.100,4.600,19.800,4.900,0.800,2.900,0.100,0.100,0.000,0.000,1.700,5.200
43,43,February 2008,0.400,0.200,8.100,7.200,0.400,0.000,1.700,0.000,0.200,0.300,30.400,8.000,0.000,0.000,0.400,2.500,0.100,4.500,19.700,5.000,0.900,2.900,0.100,0.100,0.000,0.000,1.700,5.300
44,44,March 2008,0.400,0.200,8.100,7.200,0.400,0.000,1.700,0.000,0.200,0.400,30.400,8.200,0.000,0.000,0.400,2.500,0.100,4.400,19.300,5.100,0.900,2.900,0.100,0.100,0.000,0.000,1.700,5.400
45,45,April 2008,0.400,0.200,8.000,7.300,0.400,0.000,1.600,0.000,0.200,0.400,30.600,8.200,0.000,0.000,0.400,2.500,0.100,4.200,19.400,5.100,0.800,2.900,0.100,0.100,0.000,0.000,1.800,5.200
46,46,May 2008,0.300,0.200,8.000,7.500,0.400,0.000,1.600,0.000,0.200,0.300,30.400,8.300,0.000,0.000,0.400,2.500,0.100,4.100,19.600,5.100,0.800,2.900,0.100,0.100,0.000,0.000,1.800,5.100
47,47,June 2008,0.300,0.300,7.900,7.600,0.400,0.000,1.700,0.000,0.300,0.300,30.300,8.200,0.000,0.000,0.400,2.500,0.100,4.000,19.700,5.000,0.800,2.900,0.100,0.100,0.000,0.000,1.800,5.100
48,48,July 2008,0.400,0.300,7.900,7.800,0.400,0.000,1.800,0.000,0.300,0.300,30.100,8.200,0.000,0.000,0.400,2.500,0.100,4.000,19.600,5.100,0.800,2.900,0.100,0.100,0.000,0.000,1.700,5.100
49,49,August 2008,0.300,0.300,7.800,7.800,0.400,0.000,1.900,0.000,0.300,0.300,29.800,8.000,0.000,0.000,0.500,2.600,0.200,4.100,19.500,5.200,0.800,2.900,0.100,0.200,0.000,0.000,1.800,5.300
50,50,September 2008,0.400,0.300,7.900,8.000,0.400,0.000,1.900,0.000,0.300,0.300,29.600,7.900,0.000,0.000,0.500,2.500,0.200,4.100,19.700,5.300,0.800,2.900,0.100,0.100,0.000,0.000,1.800,5.200
51,51,October 2008,0.400,0.300,8.100,8.000,0.400,0.000,1.900,0.000,0.300,0.300,28.900,7.900,0.000,0.000,0.400,2.700,0.200,4.200,19.500,5.600,0.900,2.800,0.100,0.200,0.000,0.000,1.600,5.300
52,52,November 2008,0.400,0.300,8.300,8.000,0.400,0.000,1.800,0.000,0.300,0.300,28.900,7.800,0.000,0.000,0.400,2.700,0.200,4.200,19.300,5.800,0.900,2.800,0.100,0.200,0.000,0.000,1.700,5.400
53,53,December 2008,0.400,0.200,8.500,7.900,0.400,0.000,1.800,0.000,0.300,0.300,28.800,7.800,0.000,0.000,0.400,2.800,0.200,4.200,19.200,5.900,0.900,2.700,0.100,0.100,0.000,0.000,1.700,5.300
54,54,January 2009,0.400,0.200,8.600,7.900,0.400,0.000,1.800,0.000,0.300,0.300,28.500,8.100,0.000,0.000,0.400,2.700,0.200,4.200,19.000,6.300,0.900,2.700,0.100,0.100,0.000,0.000,1.700,5.400
55,55,February 2009,0.400,0.200,8.800,7.800,0.400,0.000,1.600,0.000,0.300,0.300,28.400,8.000,0.000,0.000,0.400,2.800,0.100,4.200,18.800,6.300,1.000,2.700,0.100,0.100,0.000,0.000,1.700,5.400
56,56,March 2009,0.400,0.200,8.700,7.700,0.400,0.000,1.600,0.000,0.300,0.300,28.400,7.900,0.000,0.000,0.500,3.000,0.100,4.200,18.500,6.400,1.000,2.700,0.100,0.100,0.000,0.000,1.800,5.500
57,57,April 2009,0.400,0.200,8.700,7.700,0.400,0.000,1.700,0.000,0.300,0.300,28.500,7.800,0.000,0.000,0.500,2.900,0.100,4.200,18.700,6.300,1.000,2.600,0.100,0.100,0.000,0.000,1.900,5.500
58,58,May 2009,0.400,0.200,8.700,7.500,0.400,0.000,1.600,0.000,0.300,0.300,28.500,7.700,0.000,0.000,0.500,2.900,0.200,4.100,18.900,6.400,1.100,2.600,0.100,0.200,0.000,0.000,1.900,5.500
59,59,June 2009,0.400,0.200,8.700,7.300,0.400,0.000,1.500,0.000,0.300,0.300,28.200,7.800,0.000,0.000,0.500,2.900,0.200,4.100,19.200,6.400,1.100,2.700,0.100,0.200,0.000,0.000,2.000,5.500
60,60,July 2009,0.400,0.200,9.000,7.200,0.400,0.000,1.500,0.000,0.300,0.300,27.900,7.500,0.000,0.000,0.500,3.100,0.200,4.200,19.100,6.500,1.100,2.600,0.100,0.200,0.000,0.000,2.200,5.400
61,61,August 2009,0.500,0.200,9.100,7.100,0.500,0.000,1.500,0.000,0.300,0.300,27.700,7.700,0.000,0.000,0.500,3.000,0.200,4.100,19.200,6.700,1.100,2.600,0.100,0.200,0.000,0.000,2.200,5.400
62,62,September 2009,0.500,0.200,9.500,7.000,0.500,0.000,1.500,0.000,0.300,0.300,27.700,7.700,0.000,0.000,0.500,2.900,0.200,4.000,19.300,6.700,1.000,2.600,0.100,0.200,0.000,0.000,2.200,5.400
63,63,October 2009,0.500,0.200,9.800,6.800,0.500,0.000,1.400,0.000,0.300,0.300,27.700,7.600,0.000,0.000,0.500,3.000,0.100,4.000,19.100,6.800,1.100,2.700,0.100,0.200,0.000,0.000,2.200,5.300
64,64,November 2009,0.500,0.200,10.000,6.700,0.400,0.000,1.400,0.000,0.300,0.300,27.700,7.600,0.000,0.000,0.400,3.000,0.200,4.000,18.900,6.800,1.000,2.600,0.100,0.200,0.000,0.000,2.200,5.400
65,65,December 2009,0.500,0.200,10.300,6.600,0.500,0.000,1.400,0.000,0.300,0.300,27.800,7.500,0.000,0.000,0.500,3.100,0.200,3.900,18.700,6.800,1.100,2.600,0.100,0.200,0.000,0.000,2.300,5.400
66,66,January 2010,0.500,0.200,10.500,6.400,0.500,0.000,1.400,0.000,0.300,0.300,28.200,7.400,0.000,0.000,0.500,3.000,0.200,3.700,18.600,6.600,1.100,2.500,0.100,0.200,0.000,0.000,2.200,5.400
67,67,February 2010,0.500,0.200,10.800,6.400,0.500,0.000,1.300,0.000,0.300,0.300,28.400,7.300,0.000,0.000,0.500,3.200,0.200,3.700,18.500,6.500,1.100,2.400,0.100,0.200,0.000,0.000,2.200,5.300
68,68,March 2010,0.500,0.200,11.000,6.200,0.500,0.000,1.300,0.000,0.300,0.300,28.400,7.300,0.000,0.000,0.500,3.300,0.200,3.500,18.300,6.400,1.200,2.400,0.100,0.200,0.000,0.000,2.300,5.400
69,69,April 2010,0.500,0.200,11.300,6.200,0.500,0.000,1.300,0.000,0.300,0.300,28.600,7.400,0.000,0.000,0.500,3.300,0.300,3.400,18.300,6.300,1.100,2.200,0.100,0.200,0.000,0.000,2.300,5.400
70,70,May 2010,0.600,0.200,11.500,6.200,0.500,0.000,1.300,0.000,0.400,0.300,28.500,7.300,0.000,0.000,0.500,3.300,0.300,3.300,18.200,6.200,1.200,2.200,0.100,0.200,0.000,0.000,2.400,5.300
71,71,June 2010,0.600,0.200,11.600,6.300,0.500,0.000,1.300,0.000,0.400,0.300,28.400,7.400,0.000,0.000,0.500,3.300,0.300,3.300,18.000,6.200,1.200,2.200,0.100,0.200,0.000,0.000,2.400,5.300
72,72,July 2010,0.600,0.200,11.500,6.400,0.500,0.000,1.300,0.000,0.400,0.300,28.200,7.300,0.000,0.000,0.500,3.500,0.300,3.300,17.900,6.200,1.200,2.200,0.100,0.200,0.000,0.000,2.500,5.400
73,73,August 2010,0.600,0.200,11.600,6.400,0.500,0.000,1.300,0.000,0.300,0.300,28.500,7.200,0.000,0.000,0.500,3.400,0.400,3.200,17.600,6.200,1.200,2.200,0.100,0.200,0.000,0.000,2.600,5.300
74,74,September 2010,0.600,0.200,11.800,6.500,0.500,0.000,1.300,0.000,0.300,0.300,28.600,7.200,0.000,0.000,0.500,3.300,0.500,3.200,17.400,6.300,1.200,2.300,0.100,0.200,0.000,0.000,2.600,5.200
75,75,October 2010,0.600,0.200,11.900,6.500,0.500,0.000,1.200,0.000,0.300,0.300,28.400,6.900,0.000,0.000,0.500,3.300,0.600,3.100,17.100,6.400,1.200,2.500,0.100,0.200,0.000,0.000,2.600,5.200
76,76,November 2010,0.600,0.200,11.900,6.600,0.500,0.000,1.200,0.000,0.300,0.300,28.500,6.900,0.000,0.000,0.500,3.400,0.700,3.100,16.700,6.500,1.200,2.500,0.100,0.200,0.000,0.000,2.600,5.200
77,77,December 2010,0.600,0.200,12.100,6.600,0.500,0.000,1.200,0.000,0.300,0.300,28.400,6.800,0.000,0.000,0.500,3.500,1.000,3.000,16.400,6.600,1.300,2.600,0.100,0.200,0.000,0.000,2.500,5.200
78,78,January 2011,0.600,0.200,12.300,6.500,0.500,0.000,1.200,0.000,0.300,0.300,28.800,6.900,0.000,0.000,0.500,3.300,1.100,2.800,16.400,6.700,1.300,2.600,0.100,0.300,0.000,0.000,2.400,5.000
79,79,February 2011,0.500,0.200,12.600,6.500,0.500,0.000,1.200,0.000,0.300,0.300,28.500,7.000,0.000,0.000,0.500,3.400,1.200,2.700,16.400,6.900,1.300,2.600,0.100,0.200,0.000,0.000,2.100,5.000
80,80,March 2011,0.500,0.200,12.700,6.500,0.500,0.000,1.100,0.000,0.300,0.300,28.400,7.000,0.000,0.000,0.400,3.500,1.400,2.600,16.400,7.000,1.300,2.600,0.100,0.200,0.000,0.000,2.100,5.000
81,81,April 2011,0.500,0.200,12.600,6.500,0.400,0.000,1.100,0.000,0.300,0.300,28.400,7.100,0.000,0.000,0.400,3.400,1.500,2.600,16.400,6.900,1.300,2.500,0.100,0.200,0.000,0.000,2.000,5.000
82,82,May 2011,0.500,0.200,12.600,6.400,0.500,0.100,1.100,0.000,0.300,0.200,28.500,7.200,0.000,0.000,0.400,3.200,1.700,2.500,16.600,7.000,1.300,2.500,0.100,0.200,0.000,0.000,1.900,5.000
83,83,June 2011,0.600,0.200,12.600,6.300,0.500,0.100,1.100,0.000,0.300,0.200,28.500,7.200,0.000,0.000,0.500,3.100,1.800,2.500,16.700,7.000,1.300,2.600,0.100,0.300,0.000,0.000,1.900,4.800
84,84,July 2011,0.600,0.200,12.600,6.300,0.500,0.100,1.100,0.000,0.300,0.200,28.400,7.100,0.000,0.000,0.500,3.100,2.000,2.400,16.600,7.000,1.300,2.600,0.100,0.200,0.000,0.000,1.900,4.800
85,85,August 2011,0.600,0.200,12.500,6.300,0.500,0.100,1.100,0.000,0.300,0.200,28.400,7.100,0.000,0.000,0.500,3.000,2.100,2.500,16.400,6.900,1.400,2.700,0.100,0.300,0.000,0.000,2.100,4.800
86,86,September 2011,0.600,0.200,12.700,6.100,0.500,0.100,1.100,0.000,0.400,0.200,28.400,7.100,0.000,0.000,0.500,2.900,2.200,2.500,16.400,7.000,1.400,2.600,0.100,0.300,0.000,0.000,2.000,4.700
87,87,October 2011,0.600,0.200,13.000,6.000,0.400,0.100,1.000,0.000,0.300,0.200,28.400,7.100,0.000,0.000,0.500,2.900,2.300,2.400,16.300,7.300,1.400,2.600,0.100,0.300,0.000,0.000,2.000,4.600
88,88,November 2011,0.600,0.200,12.800,6.000,0.400,0.100,1.000,0.000,0.300,0.300,28.000,7.100,0.000,0.000,0.500,2.900,2.700,2.500,16.100,7.400,1.400,2.600,0.100,0.300,0.000,0.000,2.100,4.400
89,89,December 2011,0.600,0.200,12.500,6.200,0.400,0.100,0.900,0.000,0.300,0.300,28.000,7.200,0.000,0.000,0.500,3.000,3.000,2.300,15.900,7.700,1.500,2.500,0.100,0.300,0.000,0.000,2.200,4.300
90,90,January 2012,0.600,0.300,12.100,6.500,0.400,0.100,0.900,0.000,0.300,0.300,27.900,7.300,0.000,0.000,0.500,3.000,3.400,2.300,15.700,7.800,1.500,2.400,0.100,0.300,0.000,0.000,2.200,4.200
91,91,February 2012,0.600,0.200,11.500,6.800,0.400,0.100,0.900,0.000,0.300,0.300,27.600,7.300,0.000,0.000,0.500,3.100,3.700,2.300,15.700,7.900,1.500,2.500,0.100,0.300,0.000,0.000,2.200,4.000
92,92,March 2012,0.600,0.200,10.700,7.300,0.400,0.100,0.900,0.000,0.300,0.300,27.600,7.200,0.000,0.000,0.500,3.200,3.900,2.200,15.500,8.000,1.500,2.500,0.100,0.300,0.000,0.000,2.300,4.000
93,93,April 2012,0.600,0.200,9.700,7.800,0.400,0.100,0.900,0.000,0.300,0.300,27.500,7.200,0.100,0.000,0.600,3.300,4.300,2.200,15.200,8.100,1.600,2.600,0.100,0.400,0.000,0.000,2.400,4.000
94,94,May 2012,0.700,0.200,9.300,8.200,0.400,0.100,0.900,0.000,0.400,0.300,27.700,7.100,0.100,0.000,0.600,3.300,4.200,2.200,15.200,8.100,1.600,2.600,0.100,0.300,0.000,0.000,2.400,3.900
95,95,June 2012,0.700,0.200,9.100,8.500,0.400,0.100,0.900,0.100,0.400,0.300,27.400,7.000,0.100,0.000,0.600,3.200,4.400,2.200,15.300,8.100,1.600,2.700,0.100,0.400,0.000,0.000,2.300,3.900
96,96,July 2012,0.700,0.200,8.900,8.700,0.400,0.100,0.900,0.100,0.400,0.300,27.400,6.900,0.100,0.000,0.700,3.200,4.400,2.200,15.200,8.100,1.700,2.800,0.100,0.400,0.000,0.000,2.400,3.900
97,97,August 2012,0.700,0.200,8.700,9.000,0.400,0.100,0.900,0.100,0.400,0.300,27.300,7.000,0.100,0.000,0.700,3.100,4.500,2.100,14.900,8.200,1.700,2.800,0.100,0.400,0.000,0.000,2.300,3.900
98,98,September 2012,0.700,0.200,8.700,9.200,0.400,0.100,0.900,0.100,0.400,0.300,27.100,7.000,0.100,0.000,0.700,3.100,4.600,2.200,14.800,8.200,1.800,2.800,0.100,0.400,0.000,0.000,2.200,3.800
99,99,October 2012,0.700,0.200,8.800,9.300,0.300,0.100,0.900,0.100,0.400,0.300,27.100,7.000,0.100,0.000,0.700,3.000,4.800,2.100,15.000,8.300,1.800,2.700,0.100,0.400,0.000,0.000,2.100,3.800
100,100,November 2012,0.700,0.200,8.800,9.400,0.300,0.100,0.800,0.100,0.400,0.300,26.900,7.100,0.100,0.000,0.700,3.000,4.900,2.100,14.800,8.300,1.800,2.800,0.100,0.400,0.000,0.000,2.100,3.700
101,101,December 2012,0.700,0.200,8.700,9.600,0.300,0.100,0.800,0.100,0.400,0.300,26.900,7.100,0.100,0.000,0.700,3.100,4.900,2.100,14.500,8.400,1.900,2.800,0.100,0.400,0.000,0.000,2.100,3.700
102,102,January 2013,0.700,0.200,8.700,9.500,0.300,0.100,0.800,0.100,0.400,0.300,26.700,7.200,0.100,0.000,0.700,3.100,5.100,2.100,14.400,8.600,1.900,2.800,0.100,0.400,0.000,0.000,2.000,3.700
103,103,February 2013,0.600,0.200,8.700,9.600,0.300,0.100,0.800,0.100,0.400,0.300,26.900,7.100,0.100,0.000,0.700,3.100,5.200,2.000,14.400,8.900,1.900,2.800,0.100,0.400,0.000,0.100,1.800,3.600
104,104,March 2013,0.600,0.200,8.500,9.500,0.300,0.100,0.800,0.100,0.400,0.300,26.800,7.100,0.100,0.000,0.700,3.100,5.400,1.900,14.400,9.000,1.900,2.700,0.100,0.400,0.000,0.100,1.800,3.600
105,105,April 2013,0.600,0.200,8.400,9.500,0.300,0.100,0.800,0.100,0.400,0.300,26.600,7.200,0.100,0.000,0.700,3.200,5.400,1.900,14.200,9.200,2.000,2.700,0.100,0.400,0.000,0.100,1.800,3.500
106,106,May 2013,0.600,0.200,8.200,9.800,0.300,0.100,0.800,0.100,0.400,0.300,26.500,7.300,0.100,0.000,0.700,3.200,5.400,1.900,14.300,9.400,2.000,2.700,0.100,0.500,0.000,0.100,1.700,3.400
107,107,June 2013,0.600,0.200,8.100,9.800,0.300,0.100,0.800,0.100,0.400,0.300,26.400,7.500,0.100,0.000,0.700,3.200,5.400,1.800,14.300,9.600,2.000,2.700,0.100,0.500,0.000,0.100,1.600,3.200
108,108,July 2013,0.600,0.200,8.000,10.000,0.300,0.100,0.700,0.100,0.400,0.300,26.500,7.600,0.100,0.000,0.700,3.100,5.300,1.800,14.300,9.700,1.900,2.700,0.100,0.500,0.000,0.100,1.600,3.200
109,109,August 2013,0.600,0.200,7.900,10.000,0.300,0.100,0.700,0.100,0.400,0.300,26.400,7.800,0.100,0.000,0.700,3.100,5.400,1.900,14.100,9.700,2.000,2.800,0.100,0.500,0.000,0.100,1.600,3.100
110,110,September 2013,0.600,0.200,7.900,9.900,0.300,0.100,0.700,0.100,0.400,0.300,26.400,7.800,0.100,0.000,0.700,3.100,5.400,1.900,14.000,9.800,2.100,2.800,0.100,0.500,0.000,0.100,1.600,3.000
111,111,October 2013,0.600,0.200,7.900,9.900,0.300,0.100,0.700,0.100,0.400,0.300,26.200,7.600,0.100,0.000,0.700,3.000,5.900,1.900,13.800,9.800,2.100,2.900,0.100,0.500,0.000,0.100,1.600,3.100
112,112,November 2013,0.600,0.300,8.100,9.800,0.300,0.100,0.700,0.100,0.400,0.300,26.500,7.500,0.100,0.000,0.600,3.000,6.100,1.800,13.600,9.900,2.100,2.800,0.100,0.600,0.000,0.100,1.600,3.100
113,113,December 2013,0.600,0.300,8.100,9.800,0.300,0.100,0.700,0.100,0.400,0.300,26.500,7.300,0.100,0.000,0.600,3.000,6.400,1.800,13.400,9.800,2.100,2.700,0.100,0.600,0.000,0.100,1.600,3.100
114,114,January 2014,0.600,0.300,8.200,9.700,0.300,0.100,0.700,0.100,0.400,0.300,26.300,7.400,0.200,0.000,0.600,3.000,6.500,1.700,13.200,9.900,2.200,2.700,0.100,0.700,0.000,0.100,1.700,3.000
115,115,February 2014,0.600,0.300,8.200,9.700,0.300,0.200,0.700,0.100,0.400,0.300,26.200,7.400,0.200,0.000,0.600,3.100,6.700,1.500,13.100,10.000,2.200,2.600,0.200,0.700,0.100,0.100,1.700,2.900
116,116,March 2014,0.600,0.300,8.100,9.700,0.300,0.200,0.700,0.100,0.500,0.300,25.900,7.600,0.200,0.000,0.600,3.100,6.900,1.400,12.900,9.900,2.200,2.600,0.300,0.700,0.100,0.100,1.700,3.000
117,117,April 2014,0.600,0.300,8.100,9.700,0.300,0.200,0.700,0.100,0.500,0.400,26.200,7.700,0.200,0.000,0.600,3.100,6.500,1.200,13.000,10.100,2.200,2.500,0.300,0.700,0.200,0.100,1.700,2.900
118,118,May 2014,0.600,0.300,8.000,9.700,0.300,0.200,0.700,0.200,0.500,0.400,26.000,7.800,0.200,0.000,0.700,3.000,6.500,1.000,13.000,10.100,2.200,2.600,0.300,0.700,0.200,0.100,1.700,2.800
119,119,June 2014,0.600,0.300,7.900,9.800,0.400,0.200,0.700,0.200,0.500,0.400,26.100,7.800,0.200,0.000,0.700,3.000,6.400,0.900,13.000,10.300,2.300,2.600,0.300,0.700,0.300,0.100,1.700,2.700
120,120,July 2014,0.600,0.300,7.900,9.700,0.300,0.200,0.700,0.200,0.500,0.300,26.200,7.800,0.200,0.000,0.600,3.000,6.400,0.900,12.900,10.200,2.300,2.600,0.300,0.700,0.700,0.100,1.700,2.700
121,121,August 2014,0.600,0.300,7.900,9.700,0.300,0.200,0.600,0.200,0.500,0.300,26.400,7.700,0.200,0.000,0.600,2.900,6.300,1.000,13.000,10.300,2.300,2.600,0.200,0.700,1.000,0.100,1.600,2.600
122,122,September 2014,0.600,0.300,7.900,9.700,0.300,0.100,0.600,0.200,0.500,0.300,26.300,7.600,0.200,0.000,0.600,2.800,6.200,1.200,12.900,10.300,2.400,2.700,0.200,0.700,1.200,0.100,1.600,2.600
123,123,October 2014,0.600,0.300,8.000,9.700,0.300,0.100,0.600,0.200,0.400,0.300,26.200,7.500,0.200,0.000,0.600,2.900,6.300,1.200,12.600,10.400,2.400,2.600,0.200,0.700,1.600,0.100,1.600,2.500
124,124,November 2014,0.600,0.300,8.100,9.600,0.300,0.100,0.600,0.200,0.400,0.300,26.100,7.400,0.200,0.000,0.500,2.900,6.400,1.300,12.400,10.600,2.500,2.500,0.200,0.700,1.900,0.100,1.600,2.400
125,125,December 2014,0.600,0.300,8.100,9.300,0.300,0.100,0.600,0.200,0.400,0.300,25.900,7.400,0.200,0.000,0.500,3.000,6.300,1.400,12.100,10.600,2.500,2.600,0.200,0.700,2.300,0.100,1.500,2.500
126,126,January 2015,0.600,0.300,8.100,9.200,0.300,0.100,0.600,0.200,0.400,0.300,25.800,7.400,0.200,0.000,0.500,3.000,6.200,1.400,12.000,10.700,2.600,2.600,0.200,0.700,2.400,0.100,1.500,2.400
127,127,February 2015,0.600,0.400,8.000,9.300,0.300,0.100,0.600,0.200,0.400,0.300,25.500,7.400,0.200,0.000,0.500,3.100,6.200,1.300,11.800,10.800,2.700,2.500,0.200,0.700,2.500,0.100,1.500,2.500
128,128,March 2015,0.600,0.400,8.000,9.300,0.300,0.100,0.600,0.200,0.500,0.400,25.500,7.300,0.200,0.000,0.500,3.200,6.200,1.300,11.800,11.100,2.700,2.500,0.200,0.700,2.600,0.100,1.500,2.400
129,129,April 2015,0.600,0.400,7.800,9.200,0.300,0.100,0.600,0.200,0.500,0.400,25.300,7.400,0.200,0.000,0.500,3.200,6.000,1.300,11.700,11.100,2.800,2.600,0.200,0.700,2.700,0.100,1.500,2.400
130,130,May 2015,0.600,0.400,7.700,9.300,0.300,0.100,0.600,0.200,0.500,0.400,25.300,7.400,0.200,0.000,0.500,3.200,5.800,1.400,11.800,11.100,2.800,2.600,0.200,0.800,2.600,0.100,1.500,2.400
131,131,June 2015,0.600,0.300,7.700,9.500,0.300,0.100,0.500,0.200,0.500,0.400,25.300,7.500,0.200,0.000,0.500,3.200,5.700,1.300,11.800,11.200,2.900,2.600,0.200,0.800,2.700,0.200,1.500,2.200
132,132,July 2015,0.500,0.300,7.600,9.500,0.300,0.100,0.500,0.200,0.500,0.400,25.400,7.500,0.200,0.000,0.500,3.100,5.700,1.300,11.800,11.300,2.900,2.600,0.200,0.800,2.700,0.200,1.500,2.200
133,133,August 2015,0.600,0.300,7.600,9.400,0.300,0.100,0.500,0.200,0.500,0.400,25.300,7.500,0.200,0.000,0.500,3.000,5.700,1.300,11.800,11.300,2.900,2.700,0.200,0.900,2.800,0.200,1.600,2.100
134,134,September 2015,0.600,0.300,7.700,9.300,0.300,0.100,0.500,0.200,0.500,0.300,25.500,7.500,0.200,0.000,0.500,2.900,5.700,1.300,11.700,11.500,2.900,2.600,0.200,0.900,2.800,0.200,1.600,2.100
135,135,October 2015,0.600,0.300,7.700,9.300,0.300,0.100,0.500,0.200,0.400,0.300,25.600,7.500,0.100,0.000,0.500,2.800,5.700,1.300,11.600,11.600,2.900,2.700,0.200,0.900,2.900,0.200,1.600,2.000
136,136,November 2015,0.600,0.300,7.800,9.200,0.300,0.100,0.500,0.300,0.400,0.300,25.500,7.400,0.200,0.000,0.500,2.800,5.600,1.300,11.400,11.700,3.000,2.600,0.200,0.900,3.100,0.200,1.600,2.000
137,137,December 2015,0.600,0.300,7.800,9.100,0.300,0.100,0.400,0.300,0.400,0.300,25.400,7.500,0.200,0.000,0.500,2.800,5.600,1.300,11.300,11.900,3.000,2.600,0.200,1.000,3.100,0.200,1.600,2.000
138,138,January 2016,0.600,0.300,7.900,9.000,0.300,0.100,0.500,0.300,0.400,0.300,25.200,7.600,0.200,0.000,0.500,2.900,5.600,1.300,11.200,12.000,3.100,2.500,0.200,1.000,3.100,0.300,1.600,1.900
139,139,February 2016,0.500,0.300,7.800,9.000,0.300,0.100,0.500,0.300,0.400,0.300,25.000,7.600,0.200,0.000,0.500,3.000,5.600,1.200,11.100,12.300,3.100,2.500,0.200,1.000,3.200,0.300,1.600,1.900
140,140,March 2016,0.500,0.300,7.700,9.000,0.300,0.100,0.400,0.300,0.400,0.300,24.700,7.800,0.200,0.000,0.500,3.000,5.600,1.100,11.100,12.600,3.200,2.400,0.200,1.000,3.300,0.400,1.500,1.900
141,141,April 2016,0.400,0.300,7.600,9.000,0.300,0.100,0.400,0.300,0.400,0.300,24.500,7.700,0.200,0.000,0.500,3.100,5.500,1.100,11.100,12.800,3.200,2.400,0.200,1.100,3.300,0.400,1.500,1.900
142,142,May 2016,0.400,0.300,7.600,9.100,0.200,0.100,0.400,0.300,0.400,0.300,24.400,7.800,0.200,0.000,0.500,3.100,5.500,1.100,11.200,12.900,3.300,2.400,0.200,1.000,3.500,0.500,1.500,1.800
143,143,June 2016,0.400,0.300,7.500,9.100,0.300,0.100,0.400,0.300,0.400,0.300,24.200,7.800,0.200,0.100,0.500,3.000,5.500,1.000,11.100,13.300,3.300,2.300,0.300,1.000,3.500,0.500,1.400,1.700
144,144,July 2016,0.400,0.300,7.400,9.200,0.300,0.100,0.400,0.300,0.400,0.300,24.000,7.800,0.200,0.100,0.500,2.900,5.500,0.900,11.000,13.700,3.500,2.400,0.300,1.000,3.500,0.600,1.400,1.700
145,145,August 2016,0.500,0.400,7.400,9.200,0.300,0.100,0.400,0.400,0.400,0.300,24.000,7.700,0.200,0.100,0.500,2.800,5.400,0.900,10.900,13.900,3.500,2.400,0.300,1.000,3.500,0.600,1.400,1.700
146,146,September 2016,0.500,0.400,7.400,9.200,0.300,0.100,0.400,0.400,0.400,0.300,23.900,7.700,0.200,0.100,0.500,2.800,5.300,0.900,10.800,14.000,3.500,2.300,0.300,1.000,3.600,0.700,1.400,1.600
147,147,October 2016,0.500,0.400,7.400,9.100,0.300,0.100,0.400,0.400,0.400,0.300,23.800,7.800,0.200,0.100,0.500,2.700,5.300,0.900,10.600,14.300,3.500,2.300,0.300,1.000,3.600,0.700,1.500,1.600
148,148,November 2016,0.500,0.500,7.500,8.900,0.300,0.100,0.400,0.400,0.400,0.300,23.400,7.900,0.200,0.100,0.500,2.700,5.300,0.900,10.400,14.700,3.500,2.200,0.300,1.100,3.500,0.800,1.500,1.600
149,149,December 2016,0.500,0.500,7.700,8.700,0.300,0.100,0.400,0.500,0.400,0.300,23.300,8.000,0.200,0.100,0.500,2.700,5.200,0.900,10.200,15.000,3.500,2.200,0.300,1.100,3.500,0.900,1.400,1.600
150,150,January 2017,0.500,0.500,7.600,8.700,0.300,0.100,0.400,0.500,0.400,0.300,23.100,8.100,0.200,0.100,0.500,2.700,5.200,0.900,10.200,15.300,3.500,2.200,0.300,1.100,3.500,0.900,1.400,1.600
151,151,February 2017,0.500,0.500,7.600,8.500,0.300,0.100,0.400,0.500,0.400,0.300,22.700,8.100,0.200,0.100,0.500,2.800,5.000,0.900,10.100,15.700,3.600,2.100,0.300,1.200,3.500,1.000,1.400,1.600
152,152,March 2017,0.500,0.400,7.500,8.500,0.300,0.100,0.400,0.500,0.400,0.300,22.500,8.200,0.200,0.100,0.500,2.800,4.900,0.900,9.900,16.200,3.800,2.100,0.300,1.200,3.500,1.100,1.400,1.600
153,153,April 2017,0.500,0.400,7.500,8.500,0.300,0.100,0.400,0.500,0.400,0.300,22.300,8.300,0.200,0.100,0.500,2.700,4.700,0.800,9.900,16.600,3.900,2.100,0.300,1.200,3.500,1.100,1.400,1.500
154,154,May 2017,0.500,0.400,7.300,8.500,0.300,0.100,0.300,0.600,0.400,0.300,22.200,8.300,0.200,0.100,0.500,2.700,4.600,0.800,9.800,16.900,4.000,2.100,0.300,1.200,3.500,1.100,1.400,1.500
155,155,June 2017,0.500,0.400,7.100,8.500,0.300,0.100,0.300,0.600,0.400,0.300,21.900,8.300,0.200,0.300,0.500,2.600,4.500,0.800,9.600,17.200,4.100,2.100,0.400,1.300,3.500,1.200,1.400,1.500
156,156,July 2017,0.500,0.400,7.100,8.300,0.300,0.100,0.300,0.700,0.400,0.300,21.800,8.300,0.200,0.400,0.500,2.600,4.400,0.800,9.300,17.500,4.200,2.100,0.400,1.300,3.500,1.200,1.500,1.400
157,157,August 2017,0.500,0.400,7.000,8.100,0.300,0.100,0.300,0.700,0.400,0.300,21.900,8.500,0.200,0.500,0.500,2.500,4.300,0.800,9.000,17.900,4.200,2.000,0.400,1.400,3.500,1.300,1.500,1.400
158,158,September 2017,0.500,0.500,6.900,8.100,0.400,0.100,0.300,0.700,0.400,0.300,21.900,8.400,0.200,0.600,0.400,2.400,4.200,0.800,8.800,18.200,4.200,2.000,0.400,1.400,3.500,1.300,1.500,1.300
159,159,October 2017,0.500,0.500,6.800,8.000,0.400,0.100,0.300,0.700,0.500,0.400,21.900,8.300,0.300,0.700,0.400,2.400,4.200,0.800,8.600,18.700,4.200,2.000,0.400,1.400,3.500,1.400,1.500,1.300
160,160,November 2017,0.500,0.400,6.600,7.900,0.400,0.100,0.400,0.700,0.500,0.400,21.900,8.300,0.300,0.900,0.400,2.300,4.100,0.800,8.400,19.200,4.100,1.900,0.400,1.300,3.500,1.400,1.500,1.300
161,161,December 2017,0.500,0.400,6.600,7.800,0.400,0.100,0.300,0.700,0.500,0.300,22.200,8.300,0.300,0.800,0.400,2.300,4.000,0.800,8.400,19.700,4.200,1.800,0.400,1.300,3.300,1.400,1.500,1.300
162,162,January 2018,0.500,0.400,6.600,7.900,0.400,0.100,0.300,0.700,0.500,0.400,22.100,8.200,0.200,0.800,0.400,2.300,3.900,0.800,8.300,20.300,4.200,1.800,0.400,1.200,3.200,1.400,1.400,1.200
163,163,February 2018,0.500,0.400,6.500,7.900,0.400,0.100,0.300,0.700,0.500,0.300,22.000,8.300,0.200,0.800,0.400,2.300,3.800,0.800,8.300,20.800,4.200,1.800,0.400,1.200,3.100,1.400,1.400,1.300
164,164,March 2018,0.500,0.300,6.300,7.900,0.300,0.100,0.300,0.800,0.500,0.300,22.000,8.200,0.200,0.900,0.400,2.400,3.800,0.800,8.100,21.200,4.200,1.800,0.400,1.200,3.000,1.500,1.400,1.300
165,165,April 2018,0.500,0.300,6.300,7.900,0.300,0.100,0.300,0.800,0.500,0.300,22.000,8.300,0.200,0.900,0.400,2.300,3.600,0.800,8.100,21.700,4.200,1.700,0.400,1.200,2.900,1.500,1.400,1.200
166,166,May 2018,0.500,0.300,6.200,7.800,0.300,0.100,0.200,0.800,0.500,0.300,21.900,8.300,0.200,0.900,0.400,2.300,3.500,0.800,8.100,22.300,4.200,1.700,0.300,1.200,2.800,1.500,1.400,1.200
167,167,June 2018,0.500,0.400,6.000,7.800,0.300,0.200,0.300,0.900,0.500,0.300,21.900,8.400,0.200,0.900,0.400,2.200,3.400,0.800,7.900,22.600,4.100,1.700,0.400,1.200,2.800,1.500,1.400,1.200
168,168,July 2018,0.500,0.300,6.000,7.700,0.300,0.200,0.200,0.900,0.500,0.300,21.800,8.500,0.200,0.900,0.400,2.200,3.300,0.800,7.800,23.100,4.100,1.600,0.300,1.200,2.800,1.500,1.400,1.200
169,169,August 2018,0.500,0.300,6.000,7.700,0.300,0.200,0.200,0.900,0.500,0.300,21.900,8.400,0.200,1.000,0.400,2.100,3.300,0.700,7.700,23.500,4.000,1.600,0.300,1.200,2.700,1.500,1.400,1.200
170,170,September 2018,0.500,0.300,6.100,7.700,0.300,0.200,0.200,0.900,0.500,0.300,21.700,8.400,0.200,1.000,0.400,2.100,3.300,0.700,7.600,23.700,4.000,1.600,0.400,1.200,2.700,1.500,1.400,1.100
171,171,October 2018,0.500,0.300,6.100,7.600,0.300,0.200,0.200,0.900,0.500,0.300,21.600,8.300,0.200,1.000,0.400,2.000,3.200,0.700,7.400,24.200,4.000,1.600,0.300,1.200,2.600,1.500,1.500,1.100
172,172,November 2018,0.500,0.300,6.100,7.600,0.300,0.200,0.200,0.900,0.500,0.300,21.400,8.300,0.200,1.100,0.400,2.000,3.200,0.700,7.200,24.600,4.000,1.600,0.400,1.200,2.600,1.500,1.500,1.100
173,173,December 2018,0.500,0.300,6.200,7.500,0.300,0.200,0.200,1.000,0.500,0.300,21.200,8.200,0.200,1.100,0.400,2.000,3.200,0.700,7.200,24.800,4.000,1.500,0.400,1.200,2.600,1.600,1.400,1.100
174,174,January 2019,0.600,0.300,6.200,7.500,0.300,0.200,0.300,1.000,0.500,0.300,21.100,8.200,0.300,1.100,0.400,2.000,3.100,0.700,7.200,25.200,4.000,1.500,0.400,1.200,2.500,1.500,1.400,1.100
175,175,February 2019,0.600,0.300,6.100,7.500,0.300,0.200,0.300,1.100,0.500,0.300,20.900,8.100,0.300,1.100,0.400,2.000,3.000,0.600,7.200,25.600,4.000,1.500,0.400,1.200,2.500,1.600,1.400,1.100
176,176,March 2019,0.600,0.300,6.000,7.400,0.300,0.200,0.300,1.100,0.500,0.300,20.700,8.200,0.200,1.100,0.400,2.000,2.900,0.600,7.200,26.200,3.900,1.400,0.500,1.100,2.400,1.600,1.300,1.100
177,177,April 2019,0.500,0.300,6.000,7.400,0.300,0.300,0.200,1.100,0.500,0.300,20.600,8.200,0.200,1.200,0.400,2.000,2.800,0.600,7.100,26.600,3.900,1.400,0.500,1.100,2.400,1.600,1.300,1.100
178,178,May 2019,0.500,0.300,5.900,7.300,0.300,0.300,0.300,1.100,0.500,0.300,20.300,8.300,0.200,1.200,0.400,2.000,2.800,0.600,7.000,26.900,4.000,1.400,0.600,1.100,2.400,1.600,1.300,1.100
179,179,June 2019,0.500,0.400,5.800,7.200,0.300,0.300,0.300,1.100,0.500,0.300,20.100,8.300,0.200,1.300,0.400,1.900,2.700,0.600,6.900,27.500,3.900,1.400,0.500,1.100,2.300,1.700,1.300,1.100
180,180,July 2019,0.500,0.400,5.800,7.200,0.300,0.300,0.300,1.100,0.500,0.300,19.900,8.200,0.200,1.400,0.400,1.900,2.700,0.600,6.700,28.000,3.900,1.400,0.500,1.100,2.400,1.700,1.300,1.100
181,181,August 2019,0.500,0.400,5.800,7.100,0.300,0.300,0.300,1.200,0.500,0.300,19.700,8.100,0.300,1.400,0.400,1.800,2.600,0.600,6.500,28.300,3.800,1.400,0.600,1.100,2.400,1.800,1.300,1.100
182,182,September 2019,0.500,0.400,5.800,7.200,0.300,0.400,0.300,1.200,0.500,0.300,19.400,8.100,0.300,1.600,0.400,1.800,2.600,0.500,6.400,28.600,3.800,1.400,0.700,1.100,2.400,1.800,1.300,1.000
183,183,October 2019,0.500,0.400,5.900,7.100,0.300,0.400,0.200,1.200,0.500,0.300,19.200,8.100,0.300,1.600,0.400,1.800,2.700,0.500,6.200,28.800,3.800,1.400,0.700,1.100,2.500,1.800,1.300,1.000
184,184,November 2019,0.500,0.400,5.900,7.300,0.300,0.400,0.200,1.200,0.500,0.300,19.100,8.100,0.300,1.700,0.300,1.800,2.600,0.600,6.100,29.000,3.700,1.400,0.600,1.100,2.500,1.900,1.300,1.000
185,185,December 2019,0.500,0.300,6.000,7.300,0.300,0.400,0.200,1.300,0.400,0.300,18.900,8.000,0.300,1.600,0.300,1.800,2.600,0.500,6.200,29.100,3.700,1.400,0.700,1.100,2.500,1.900,1.400,1.000
186,186,January 2020,0.500,0.300,6.000,7.200,0.300,0.400,0.200,1.300,0.400,0.300,18.800,8.100,0.300,1.700,0.300,1.800,2.500,0.500,6.200,29.200,3.800,1.400,0.700,1.000,2.400,1.800,1.400,0.900
187,187,February 2020,0.500,0.300,6.000,7.300,0.300,0.400,0.200,1.300,0.400,0.300,18.600,8.000,0.300,1.700,0.300,1.800,2.500,0.500,6.300,29.800,3.800,1.300,0.700,1.000,2.300,1.900,1.300,1.000
188,188,March 2020,0.500,0.300,5.900,7.300,0.300,0.500,0.200,1.300,0.400,0.300,18.400,8.000,0.200,1.600,0.300,1.800,2.400,0.500,6.100,30.400,3.800,1.300,0.600,1.100,2.200,1.900,1.300,1.000
189,189,April 2020,0.500,0.300,5.800,7.300,0.300,0.500,0.300,1.300,0.400,0.300,18.100,8.000,0.300,1.500,0.300,1.800,2.400,0.400,6.200,30.500,3.800,1.300,0.700,1.100,2.200,1.900,1.400,0.900
190,190,May 2020,0.500,0.400,5.800,7.000,0.400,0.500,0.300,1.300,0.400,0.300,17.700,7.900,0.300,1.500,0.400,1.900,2.500,0.400,6.100,31.100,3.900,1.200,0.800,1.100,2.100,1.800,1.400,0.900
191,191,June 2020,0.500,0.400,5.800,6.800,0.400,0.500,0.300,1.400,0.400,0.300,17.300,8.000,0.400,1.500,0.400,1.900,2.500,0.400,6.000,31.700,4.000,1.200,0.800,1.000,2.200,1.900,1.300,0.900
192,192,July 2020,0.400,0.500,5.800,6.800,0.400,0.500,0.300,1.400,0.400,0.300,16.800,8.000,0.400,1.500,0.400,1.900,2.500,0.400,5.900,32.100,4.000,1.200,0.900,1.000,2.200,1.900,1.300,0.900
193,193,August 2020,0.500,0.500,5.700,6.600,0.400,0.500,0.300,1.500,0.400,0.200,16.600,8.200,0.400,1.600,0.500,1.900,2.600,0.400,5.800,32.100,4.000,1.200,1.000,0.900,2.300,1.900,1.300,0.700
194,194,September 2020,0.400,0.600,5.600,6.300,0.400,0.500,0.300,1.500,0.400,0.300,16.500,8.300,0.400,1.600,0.500,1.900,2.700,0.400,6.000,31.900,4.100,1.100,1.100,0.800,2.500,1.900,1.200,0.800
195,195,October 2020,0.400,0.600,5.800,6.200,0.400,0.600,0.200,1.400,0.400,0.300,16.300,8.400,0.400,1.600,0.600,1.800,3.400,0.500,5.900,31.800,3.900,1.100,1.100,0.800,2.400,1.800,1.200,0.700
196,196,November 2020,0.400,0.600,6.000,6.300,0.300,0.500,0.200,1.400,0.300,0.300,16.500,8.500,0.400,1.600,0.600,1.800,3.600,0.500,6.000,31.000,3.900,1.100,1.100,0.800,2.400,1.900,1.100,0.700
197,197,December 2020,0.400,0.700,6.200,6.500,0.300,0.600,0.300,1.300,0.400,0.200,16.600,8.600,0.400,1.600,0.600,1.800,3.600,0.500,6.100,30.700,3.800,1.100,1.100,0.700,2.200,1.900,1.200,0.700
198,198,January 2021,0.500,0.600,6.300,6.600,0.300,0.600,0.300,1.300,0.400,0.300,16.800,8.500,0.400,1.700,0.600,1.700,3.700,0.500,6.000,30.500,3.900,1.100,1.000,0.700,2.100,1.800,1.200,0.700
199,199,February 2021,0.500,0.700,6.500,6.800,0.300,0.600,0.200,1.300,0.400,0.300,16.900,8.500,0.400,1.600,0.600,1.700,3.600,0.500,6.200,30.200,3.900,1.200,1.000,0.600,2.000,1.700,1.200,0.700
200,200,March 2021,0.500,0.700,6.700,6.900,0.400,0.500,0.200,1.300,0.400,0.300,17.300,8.500,0.300,1.600,0.600,1.600,3.500,0.500,6.100,30.300,3.700,1.200,0.900,0.600,1.800,1.800,1.200,0.700
201,201,April 2021,0.500,0.700,6.700,6.900,0.300,0.600,0.100,1.300,0.400,0.200,17.500,8.600,0.400,1.800,0.600,1.700,2.500,0.400,6.400,30.200,3.900,1.200,0.900,0.500,1.800,1.800,1.300,0.700
202,202,May 2021,0.500,0.600,6.700,7.000,0.300,0.500,0.100,1.500,0.400,0.200,18.000,8.800,0.300,1.800,0.500,1.600,2.200,0.400,6.400,30.400,3.900,1.100,0.900,0.500,1.800,1.700,1.300,0.600
203,203,June 2021,0.500,0.600,6.600,7.000,0.300,0.500,0.000,1.500,0.400,0.200,18.400,8.900,0.300,1.800,0.500,1.500,2.100,0.400,6.300,30.500,3.700,1.100,0.900,0.500,1.800,1.700,1.200,0.600
204,204,July 2021,0.500,0.600,6.600,7.200,0.300,0.500,0.000,1.500,0.400,0.200,18.200,9.200,0.300,1.700,0.400,1.500,1.800,0.400,6.300,30.700,3.700,1.100,0.800,0.500,1.700,1.700,1.300,0.700
205,205,August 2021,0.500,0.500,6.500,7.000,0.300,0.600,0.000,1.500,0.500,0.200,18.300,9.300,0.300,1.800,0.500,1.500,1.900,0.400,6.300,30.700,3.800,1.000,0.800,0.500,1.600,1.700,1.300,0.700
206,206,September 2021,0.500,0.500,6.700,7.200,0.300,0.600,0.000,1.600,0.500,0.200,18.000,9.500,0.400,1.900,0.400,1.400,2.000,0.300,6.400,30.100,3.900,1.000,0.800,0.500,1.600,1.600,1.300,0.700
207,207,October 2021,0.500,0.600,7.000,7.400,0.300,0.500,0.000,1.500,0.500,0.300,18.100,9.300,0.300,1.800,0.400,1.400,2.000,0.400,6.300,30.100,3.700,1.000,0.700,0.500,1.600,1.600,1.300,0.800
208,208,November 2021,0.600,0.700,7.000,7.300,0.300,0.600,0.000,1.400,0.500,0.300,17.600,9.300,0.400,1.700,0.400,1.400,2.100,0.400,6.200,30.100,3.800,1.000,0.800,0.500,1.700,1.600,1.400,0.800
209,209,December 2021,0.700,0.700,7.000,7.300,0.300,0.700,0.000,1.400,0.500,0.300,17.800,9.100,0.400,1.800,0.400,1.600,2.200,0.400,6.200,29.600,4.100,1.000,0.800,0.500,1.600,1.700,1.200,0.700
210,210,January 2022,0.700,0.800,7.400,7.300,0.300,0.700,0.000,1.200,0.500,0.300,18.000,9.100,0.300,1.700,0.400,1.700,2.300,0.400,6.100,28.700,4.200,1.100,1.000,0.500,1.900,1.700,1.100,0.600
